6216919;;Pick me up Tournament 2
4438652;;Pick me up Tournament 2
3896302;https://cdn.discordapp.com/attachments/543940068302389248/625098085835472903/3896302_1557774809.jpg;Kawaii Squad Tournament #2;Kawaii Squad Tournament #3;Autumn Duel Tourney;Will's Speciality Tournament 4;Will's Specialty Tournament 5
4279650;https://cdn.discordapp.com/attachments/543940068302389248/625098095277113368/4279650_1567976169.jpg;Will's Speciality Tournament 4;SMT Winter 2018;SST 2018;osu! TV Size Tournament;European Tournament;Bean'd osu! Tourney 2v2;European Tournament 2;Ted Tournament;Will's Specialty Tournament 5
3695504;https://cdn.discordapp.com/attachments/543940068302389248/625098145759625236/3695504_1562262463.jpg;SMT Winter 2018;osu! TV Size Tournament
3355362;https://cdn.discordapp.com/attachments/543940068302389248/625098140407824424/3355362_1565030106.jpg;SMT Winter 2018;SST 2018;osu! TV Size Tournament
2211396;;SMT Winter 2018
6516635;;SMT Winter 2018
345516;;SMT Winter 2018
943521;https://cdn.discordapp.com/attachments/543940068302389248/625098110028480518/943521_1562446194.jpg;SMT Winter 2018;Spork Cup;Tricky Tech Tournament
6471366;https://cdn.discordapp.com/attachments/543940068302389248/625098105507020829/6471366_1565445658.jpg;SST 2018;osu! TV Size Tournament;European Tournament;Spork Cup
9154495;;osu! TV Size Tournament
8114163;;osu! TV Size Tournament
4239446;;osu! TV Size Tournament
6399568;https://cdn.discordapp.com/attachments/543940068302389248/625098103975837707/6399568_1568301658.jpg;4 Digit World Cup 2018;Conyoh Cup;Osu! Kalesy Kup;4 Digit World Cup 2019
5779181;https://cdn.discordapp.com/attachments/543940068302389248/625098102520414209/5779181_1567959500.jpg;4 Digit World Cup 2018;Halloween Spooks Showdown
4461525;;4 Digit World Cup 2018
3475189;https://cdn.discordapp.com/attachments/543940068302389248/625098143146442774/3475189_1454433170.jpg;4 Digit World Cup 2018;Hippo Cup 2
3277704;https://cdn.discordapp.com/attachments/543940068302389248/625100231817822219/3277704_1567961736.jpg;4 Digit World Cup 2018;Hippo Cup 2
4422457;https://cdn.discordapp.com/attachments/543940068302389248/625098099341393940/4422457_1565163625.jpg;4 Digit World Cup 2018;Hippo Cup 2
6707903;;4 Digit World Cup 2018
8226974;;Hippo Cup 2
10773960;;Hippo Cup 2
7382672;;Hippo Cup 2
4253615;;Hippo Cup 2
3181083;;Conyoh Cup
3545323;;Conyoh Cup
4415285;;Conyoh Cup
6155320;;Conyoh Cup
4343103;;Conyoh Cup
3556856;;Conyoh Cup
1799925;;European Tournament 2
4915954;;Enigmatic Snow Festival
7996899;;Enigmatic Snow Festival
9930215;;Enigmatic Snow Festival
9499944;;Enigmatic Snow Festival
5103371;;Enigmatic Snow Festival
8778001;;Enigmatic Snow Festival
8584665;;Enigmatic Snow Festival
3806055;;Tinder Tournament
4316633;https://cdn.discordapp.com/attachments/543940068302389248/625098097944428585/4316633_1561908792.jpg;OCC Spinoff: ðŸŒ» vs ðŸŒ¸;Gotta Aim Fast 2019
10210668;;OCC Spinoff: ðŸŒ» vs ðŸŒ¸
7078544;;OCC Spinoff: ðŸŒ» vs ðŸŒ¸
6612210;;OCC Spinoff: ðŸŒ» vs ðŸŒ¸
4939107;;OCC Spinoff: ðŸŒ» vs ðŸŒ¸
1868745;;OCC Spinoff: ðŸŒ» vs ðŸŒ¸
7972980;;OCC Spinoff: ðŸŒ» vs ðŸŒ¸
2629617;https://cdn.discordapp.com/attachments/543940068302389248/625100507098120202/2629617_1566595550.jpg;OCC Spinoff: ðŸŒ» vs ðŸŒ¸;Old map fantasy tournament;Luminous Summer Tournament 2019
4033022;;OCC Spinoff: ðŸŒ» vs ðŸŒ¸
5522259;https://cdn.discordapp.com/attachments/543940068302389248/625098100641628192/5522259_1565538409.jpg;Old map fantasy tournament;Luminous Summer Tournament 2019
4844496;;Old map fantasy tournament
3216107;;Old map fantasy tournament
1770700;;Old map fantasy tournament
7452074;;Old map fantasy tournament
11134301;;Old map fantasy tournament
2538695;https://cdn.discordapp.com/attachments/543940068302389248/625100537112821771/2538695_1567246882.jpg;Ted Tournament;Osu! Kalesy Kup;Luminous Summer Tournament 2019
6373382;;Ted Tournament
4844909;;Ted Tournament
9961436;;Ted Tournament
7910282;;Ted Tournament
3533958;;Suiji Spring Cup
4908650;;Suiji Spring Cup
3543130;;Suiji Spring Cup
3055278;;Suiji Spring Cup
3698691;;Suiji Spring Cup
3188703;;Suiji Spring Cup
5194834;;Suiji Spring Cup
772295;;Please enjoy tournament 2019
7339984;https://cdn.discordapp.com/attachments/543940068302389248/625098106945536030/7339984_1568166980.jpg;Please enjoy tournament 2019;Luminous Summer Tournament 2019
3083539;;Please enjoy tournament 2019
195946;;OSU! Wub Wub Tournament
7736410;;OSU! Wub Wub Tournament
3198071;;OSU! Wub Wub Tournament
2854598;;Gotta Aim Fast 2019
4859699;;Gotta Aim Fast 2019
4990193;;Gotta Aim Fast 2019
5798349;;Gotta Aim Fast 2019
2212941;;Gotta Aim Fast 2019
10051720;;Gotta Aim Fast 2019
4704608;;Osu! Kalesy Kup
4464941;;4 Digit World Cup 2019
9211924;;4 Digit World Cup 2019
4898467;;4 Digit World Cup 2019
3095685;;4 Digit World Cup 2019
4877004;;4 Digit World Cup 2019
4475158;;4 Digit World Cup 2019
6754712;;Luminous Summer Tournament 2019
684433;;Luminous Summer Tournament 2019
7003739;;Luminous Summer Tournament 2019
3168085;;Will's Specialty Tournament 5
6951444;;Halloween Spooks Showdown
